outage_id,Zone,Circle,Feeder,Type of Outage,Status,Start Time,End Time,Diff in mins
1817645,Border,CITY AMRITSAR,Guru Nanak Dev Hospital,Planned,Active,2026-04-25T13:30:00Z,2026-04-25T14:00:00Z,30
1817644,Border,CITY AMRITSAR,MEDICAL COLLEGE,Planned,Active,2026-04-25T13:30:00Z,2026-04-25T14:00:00Z,30
1816493,South,SANGRUR,Guru Nanak Colony,Planned,Active,2026-04-25T13:00:21Z,2026-04-25T13:30:21Z,30
1816492,South,SANGRUR,Manshahia Colony,Planned,Active,2026-04-25T13:00:21Z,2026-04-25T13:30:21Z,30
1816491,South,SANGRUR,Kishanpura Road,Planned,Active,2026-04-25T13:00:21Z,2026-04-25T13:30:21Z,30
1816490,South,SANGRUR,Homi Bhabha,Planned,Active,2026-04-25T13:00:21Z,2026-04-25T13:30:21Z,30
1816489,South,SANGRUR,Club Road,Planned,Active,2026-04-25T13:00:21Z,2026-04-25T13:30:21Z,30
1816488,South,SANGRUR,Dhuri Gate,Planned,Active,2026-04-25T13:00:21Z,2026-04-25T13:30:21Z,30
1816361,Central,CITY WEST LUDHIANA,HEMKUNT,Planned,Active,2026-04-25T12:00:00Z,2026-04-25T16:00:00Z,240
1820289,South,PATIALA,Wazidpur,Planned,Active,2026-04-25T11:13:24Z,2026-04-25T18:55:56Z,462
1820280,North,JALANDHAR,LOVELY,Planned,Active,2026-04-25T11:00:00Z,2026-04-25T12:30:00Z,90
1820165,East,ROPAR,SUGARMILL,Planned,Active,2026-04-25T11:00:00Z,2026-04-25T15:00:00Z,240
1820149,East,ROPAR,Chandpur,Planned,Active,2026-04-25T11:00:00Z,2026-04-25T12:00:00Z,60
1820146,East,ROPAR,MUNDIAN,Planned,Active,2026-04-25T11:00:00Z,2026-04-25T15:00:00Z,240
1816540,Central,KHANNA,TIWANA OIL,Planned,Active,2026-04-25T11:00:00Z,2026-04-25T15:00:00Z,240
1816538,Central,KHANNA,Shreeji,Planned,Active,2026-04-25T11:00:00Z,2026-04-25T15:00:00Z,240
1816537,Central,KHANNA,Nalina UPS,Planned,Active,2026-04-25T11:00:00Z,2026-04-25T15:00:00Z,240
1816535,Central,KHANNA,NARAINGARH CHANNA,Planned,Active,2026-04-25T11:00:00Z,2026-04-25T15:00:00Z,240
1816459,Central,SUB URBAN LUDHIANA,SAYAN KALAN,Planned,Active,2026-04-25T11:00:00Z,2026-04-25T15:00:00Z,240
1816298,South,PATIALA,New Lal Bagh,Planned,Active,2026-04-25T11:00:00Z,2026-04-25T15:00:00Z,240
1820295,South,PATIALA,11 KV Rajgarh,Planned,Active,2026-04-25T10:57:58Z,2026-04-25T18:58:03Z,480
1820294,South,PATIALA,11 KV Dilawerpur,Planned,Active,2026-04-25T10:57:38Z,2026-04-25T18:57:45Z,480
1820293,South,PATIALA,Bishanpur Channa,Planned,Active,2026-04-25T10:57:15Z,2026-04-25T18:57:20Z,480
1820292,South,PATIALA,Fatehpur,Planned,Active,2026-04-25T10:56:54Z,2026-04-25T18:57:02Z,480
1820291,South,PATIALA,Ranbirpura,Planned,Active,2026-04-25T10:56:36Z,2026-04-25T18:56:41Z,480
1820290,South,PATIALA,Jahlan,Planned,Active,2026-04-25T10:56:07Z,2026-04-25T18:56:21Z,480
1820279,West,MUKATSAR,Main Bazar,Planned,Active,2026-04-25T10:34:40Z,2026-04-25T14:00:40Z,206
1820278,West,MUKATSAR,SBI MAIN ROAD,Planned,Active,2026-04-25T10:34:40Z,2026-04-25T14:00:40Z,206
1820277,West,MUKATSAR,karon road,Planned,Active,2026-04-25T10:34:40Z,2026-04-25T14:00:40Z,206
1820276,West,MUKATSAR,KALGIDHAR G,Planned,Active,2026-04-25T10:34:40Z,2026-04-25T14:00:40Z,206
1820275,West,MUKATSAR,BHAI JAGTA JI,Planned,Active,2026-04-25T10:34:40Z,2026-04-25T14:00:40Z,206
1820274,West,MUKATSAR,Tehsil Road,Planned,Active,2026-04-25T10:34:40Z,2026-04-25T14:00:40Z,206
1820273,West,MUKATSAR,SARABHA NAGAR,Planned,Active,2026-04-25T10:34:40Z,2026-04-25T14:00:40Z,206
1820288,North,NAWANSHAHR,BALLOWAL,Planned,Active,2026-04-25T10:30:00Z,2026-04-25T15:00:00Z,270
1817949,East,MOHALI,11kv Saidpura,Planned,Active,2026-04-25T10:30:00Z,2026-04-25T14:00:00Z,210
1820285,Border,GURDASPUR,SHANTI NAGAR,Unplanned,Active,2026-04-25T10:27:00Z,2026-04-25T12:00:00Z,93
1820297,North,HOSHIARPUR,KALYANPUR,Unplanned,Active,2026-04-25T10:26:00Z,2026-04-25T11:40:00Z,74
1820272,North,NAWANSHAHR,PANDORI,Planned,Active,2026-04-25T10:25:00Z,2026-04-25T14:00:00Z,215
1820283,South,PATIALA,Shakti Vihar,Planned,Active,2026-04-25T10:22:00Z,2026-04-25T11:00:00Z,38
1820268,West,BATHINDA,MEHMA,Planned,Active,2026-04-25T10:21:00Z,2026-04-25T15:00:00Z,279
1820287,West,FARIDKOT,BABA FARID,Unplanned,Active,2026-04-25T10:20:00Z,2026-04-25T12:00:00Z,100
1820286,Border,TARN TARAN,MATA BAGGO URBAN IND.,Unplanned,Active,2026-04-25T10:20:00Z,2026-04-25T14:00:00Z,220
1820282,West,FARIDKOT,11 ADARSH NAGAR,Unplanned,Active,2026-04-25T10:20:00Z,2026-04-25T12:00:00Z,100
1820281,Border,TARN TARAN,24 Hours supp Khardin,Unplanned,Active,2026-04-25T10:20:00Z,2026-04-25T14:00:00Z,220
1820271,West,BATHINDA,Dhan Singh Khanna Cat-1,Planned,Active,2026-04-25T10:20:00Z,2026-04-25T17:00:00Z,400
1820266,Border,SUB URBAN AMRITSAR,RAJASANSI/HC,Planned,Active,2026-04-25T10:20:00Z,2026-04-25T14:00:00Z,220
1820262,Border,SUB URBAN AMRITSAR,SUGAR MILL,Planned,Active,2026-04-25T10:20:00Z,2026-04-25T15:00:00Z,280
1820255,West,FARIDKOT,Siriewala UPS,Planned,Active,2026-04-25T10:18:53Z,2026-04-25T11:34:12Z,75
1820284,West,FARIDKOT,Bharro-Bhatti,Planned,Active,2026-04-25T10:17:00Z,2026-04-25T12:00:00Z,103
1820298,Border,GURDASPUR,SIDHWAN,Unplanned,Active,2026-04-25T10:15:00Z,2026-04-25T16:00:00Z,345
1820296,Border,GURDASPUR,BEHBAL CHACK,Unplanned,Active,2026-04-25T10:15:00Z,2026-04-25T12:00:00Z,105
1820269,Border,GURDASPUR,Basarpura,Unplanned,Active,2026-04-25T10:15:00Z,2026-04-25T14:00:00Z,225
1820254,North,NAWANSHAHR,DAYALAN,Planned,Active,2026-04-25T10:15:00Z,2026-04-25T14:00:00Z,225
1820250,North,NAWANSHAHR,MOLA WAHIDPUR,Planned,Active,2026-04-25T10:15:00Z,2026-04-25T15:31:00Z,316
1820244,Border,GURDASPUR,Rasulpur,Planned,Active,2026-04-25T10:15:00Z,2026-04-25T14:00:00Z,225
1820243,Border,GURDASPUR,Chah Kotla,Planned,Active,2026-04-25T10:15:00Z,2026-04-25T14:00:00Z,225
1820242,Border,GURDASPUR,Bahardur Hussain,Planned,Active,2026-04-25T10:15:00Z,2026-04-25T14:00:00Z,225
1820252,North,KAPURTHALA,Ajtani,Planned,Active,2026-04-25T10:14:00Z,2026-04-25T11:53:00Z,99
1820270,East,Zirakpur,NABHA SAHIB,Unplanned,Active,2026-04-25T10:13:00Z,2026-04-25T13:00:00Z,167
1820249,West,BATHINDA,KUTIWAL KHURD,Planned,Active,2026-04-25T10:12:51Z,2026-04-25T17:09:51Z,417
1820248,West,BATHINDA,Partap Spintex (66KV MAUR),Planned,Active,2026-04-25T10:12:51Z,2026-04-25T17:09:51Z,417
1820247,West,BATHINDA,Bhai Desa,Planned,Active,2026-04-25T10:12:51Z,2026-04-25T17:09:51Z,417
1820246,West,BATHINDA,Water Works (from 66KV Maur),Planned,Active,2026-04-25T10:12:51Z,2026-04-25T17:09:51Z,417
1820245,West,BATHINDA,PUMP ROAD (From 66KV Maur),Planned,Active,2026-04-25T10:12:51Z,2026-04-25T17:09:51Z,417
1820251,North,NAWANSHAHR,Aujla,Planned,Active,2026-04-25T10:12:30Z,2026-04-25T13:00:00Z,167
1820206,West,BATHINDA,VIP,Planned,Active,2026-04-25T10:12:23Z,2026-04-25T18:44:00Z,511
1820205,West,BATHINDA,BARNALA ROAD,Planned,Active,2026-04-25T10:12:23Z,2026-04-25T18:00:00Z,467
1820259,West,BATHINDA,NEW BASTI,Planned,Active,2026-04-25T10:12:00Z,2026-04-25T18:45:00Z,513
1820258,West,BATHINDA,WATER WORKS,Planned,Active,2026-04-25T10:12:00Z,2026-04-25T18:45:00Z,513
1820257,West,BATHINDA,Bhatha Basti Urban,Planned,Active,2026-04-25T10:12:00Z,2026-04-25T18:45:00Z,513
1820253,Border,TARN TARAN,UPS LAHUKA,Unplanned,Active,2026-04-25T10:11:00Z,2026-04-25T14:00:00Z,229
1820212,South,SANGRUR,BARKAT,Planned,Active,2026-04-25T10:10:59Z,2026-04-25T17:18:08Z,427
1820211,South,SANGRUR,DHINDSA,Planned,Active,2026-04-25T10:10:41Z,2026-04-25T16:17:52Z,367
1820213,South,SANGRUR,Peer Kartarpur,Planned,Active,2026-04-25T10:10:19Z,2026-04-25T16:18:25Z,368
1820239,North,KAPURTHALA,SHALIMAR URBAN,Planned,Active,2026-04-25T10:10:00Z,2026-04-25T10:40:00Z,30
1820267,North,JALANDHAR,LADHAYWALI,Unplanned,Active,2026-04-25T10:07:00Z,2026-04-25T14:00:00Z,233
1820233,Border,GURDASPUR,Mamman,Planned,Active,2026-04-25T10:05:22Z,2026-04-25T12:45:00Z,159
1820265,Border,GURDASPUR,Nano Harni,Unplanned,Active,2026-04-25T10:05:00Z,2026-04-25T18:00:00Z,475
1820264,Border,GURDASPUR,Kotla Khuh,Unplanned,Active,2026-04-25T10:05:00Z,2026-04-25T18:00:00Z,475
1820263,Border,GURDASPUR,FAZLABAD,Unplanned,Active,2026-04-25T10:05:00Z,2026-04-25T18:00:00Z,475
1820261,Border,GURDASPUR,BHAGOWAL,Unplanned,Active,2026-04-25T10:05:00Z,2026-04-25T18:00:00Z,475
1820260,Border,GURDASPUR,ATHWAL,Unplanned,Active,2026-04-25T10:05:00Z,2026-04-25T18:00:00Z,475
1820240,West,BATHINDA,Jiwan Singh wala CAT-1,Unplanned,Active,2026-04-25T10:05:00Z,2026-04-25T15:00:00Z,295
1820237,North,HOSHIARPUR,GUR MANDI,Unplanned,Active,2026-04-25T10:05:00Z,2026-04-25T11:00:00Z,55
1814078,East,ROPAR,11 KV Kakrala,Planned,Active,2026-04-25T10:05:00Z,2026-04-25T13:00:00Z,175
1820232,West,BATHINDA,11 KV MAHAVIR DAL,Planned,Active,2026-04-25T10:03:00Z,2026-04-25T14:00:00Z,237
1820231,West,BATHINDA,AJIT ROAD,Planned,Active,2026-04-25T10:03:00Z,2026-04-25T14:00:00Z,237
1820256,Border,SUB URBAN AMRITSAR,BABA SHRI CHAND AVNUE,Unplanned,Active,2026-04-25T10:02:00Z,2026-04-25T12:02:00Z,120
1816666,West,FARIDKOT,MOGA-2,Planned,Active,2026-04-25T10:00:54Z,2026-04-25T16:00:54Z,360
1816665,West,FARIDKOT,Jawahar Nagar,Planned,Active,2026-04-25T10:00:54Z,2026-04-25T16:00:54Z,360
1816664,West,FARIDKOT,PARTAP ROAD,Planned,Active,2026-04-25T10:00:54Z,2026-04-25T16:00:54Z,360
1816663,West,FARIDKOT,MOGA-1,Planned,Active,2026-04-25T10:00:54Z,2026-04-25T16:00:54Z,360
1819099,West,FARIDKOT,Nanaksar UPS,Planned,Active,2026-04-25T10:00:53Z,2026-04-25T14:00:53Z,240
1819098,West,FARIDKOT,Arvind Nagar Feeder,Planned,Active,2026-04-25T10:00:53Z,2026-04-25T14:00:53Z,240
1819097,West,FARIDKOT,DHILWAN URBAN,Planned,Active,2026-04-25T10:00:53Z,2026-04-25T14:00:53Z,240
1819096,West,FARIDKOT,Kataria Rice Mill,Planned,Active,2026-04-25T10:00:53Z,2026-04-25T14:00:53Z,240
1819104,West,FARIDKOT,Kothe Chakk Bhag Singh Wala,Planned,Active,2026-04-25T10:00:32Z,2026-04-25T14:00:32Z,240
1819103,West,FARIDKOT,BEHBAL-KALAN UPS,Planned,Active,2026-04-25T10:00:32Z,2026-04-25T14:00:32Z,240
1819102,West,FARIDKOT,SARAWAN URBAN,Planned,Active,2026-04-25T10:00:32Z,2026-04-25T14:00:32Z,240
1819094,West,FARIDKOT,Bharro-Bhatti,Planned,Active,2026-04-25T10:00:32Z,2026-04-25T14:00:32Z,240
1819093,West,FARIDKOT,Ramuana UPS,Planned,Active,2026-04-25T10:00:32Z,2026-04-25T14:00:32Z,240
1819092,West,FARIDKOT,MATTA URBAN,Planned,Active,2026-04-25T10:00:32Z,2026-04-25T14:00:32Z,240
1819091,West,FARIDKOT,AJIT GILL,Planned,Active,2026-04-25T10:00:32Z,2026-04-25T14:00:32Z,240
1809463,East,MOHALI,SWRAJ ENGINE,Planned,Active,2026-04-25T10:00:12Z,2026-04-25T17:00:12Z,420
1809462,East,MOHALI,66 KV DIGGIAN,Planned,Active,2026-04-25T10:00:12Z,2026-04-25T17:00:12Z,420
1809461,East,MOHALI,11 KV Feeder sec 66 B,Planned,Active,2026-04-25T10:00:12Z,2026-04-25T17:00:12Z,420
1809460,East,MOHALI,11 KV Indutrial-4,Planned,Active,2026-04-25T10:00:12Z,2026-04-25T17:00:12Z,420
1809459,East,MOHALI,11 KV BESTECH,Planned,Active,2026-04-25T10:00:12Z,2026-04-25T17:00:12Z,420
1809458,East,MOHALI,HITECH,Planned,Active,2026-04-25T10:00:12Z,2026-04-25T17:00:12Z,420
1809457,East,MOHALI,11 KV Industrial-3,Planned,Active,2026-04-25T10:00:12Z,2026-04-25T17:00:12Z,420
1809456,East,MOHALI,48-C,Planned,Active,2026-04-25T10:00:12Z,2026-04-25T17:00:12Z,420
1809455,East,MOHALI,Gloubas Project,Planned,Active,2026-04-25T10:00:12Z,2026-04-25T17:00:12Z,420
1809454,East,MOHALI,INDUSTRIAL-II,Planned,Active,2026-04-25T10:00:12Z,2026-04-25T17:00:12Z,420
1809453,East,MOHALI,SEC 65,Planned,Active,2026-04-25T10:00:12Z,2026-04-25T17:00:12Z,420
1809452,East,MOHALI,Mandi Board,Planned,Active,2026-04-25T10:00:12Z,2026-04-25T17:00:12Z,420
1809451,East,MOHALI,SEC 65-A,Planned,Active,2026-04-25T10:00:12Z,2026-04-25T17:00:12Z,420
1809450,East,MOHALI,INDUSTRIAL I,Planned,Active,2026-04-25T10:00:12Z,2026-04-25T17:00:12Z,420
1809449,East,MOHALI,11 KV MOTOR MARKET,Planned,Active,2026-04-25T10:00:12Z,2026-04-25T17:00:12Z,420
1809448,East,MOHALI,NIPER,Planned,Active,2026-04-25T10:00:12Z,2026-04-25T17:00:12Z,420
1809447,East,MOHALI,WATER WORKS,Planned,Active,2026-04-25T10:00:12Z,2026-04-25T17:00:12Z,420
1809446,East,MOHALI,SEC 64-A,Planned,Active,2026-04-25T10:00:12Z,2026-04-25T17:00:12Z,420
1809445,East,MOHALI,11 KV Feeder sec 66,Planned,Active,2026-04-25T10:00:12Z,2026-04-25T17:00:12Z,420
1820238,East,ROPAR,COLD STORE,Planned,Active,2026-04-25T10:00:00Z,2026-04-25T13:00:00Z,180
1820166,East,ROPAR,UPS2,Planned,Active,2026-04-25T10:00:00Z,2026-04-25T14:00:00Z,240
1820161,East,ROPAR,Sialba,Planned,Active,2026-04-25T10:00:00Z,2026-04-25T14:00:00Z,240
1820159,West,FARIDKOT,Gurdawara Sahib Feeder,Planned,Active,2026-04-25T10:00:00Z,2026-04-25T14:00:00Z,240
1820141,West,FARIDKOT,Kotkapura,Planned,Active,2026-04-25T10:00:00Z,2026-04-25T14:00:00Z,240
1820140,West,FARIDKOT,Heera Singh Nagar,Planned,Active,2026-04-25T10:00:00Z,2026-04-25T14:00:00Z,240
1816750,West,FARIDKOT,AKALSAR,Planned,Active,2026-04-25T10:00:00Z,2026-04-25T14:00:00Z,240
1816746,West,FARIDKOT,Zira Road,Planned,Active,2026-04-25T10:00:00Z,2026-04-25T14:00:00Z,240
1816745,West,FARIDKOT,11 SODHI NAGAR URBAN,Planned,Active,2026-04-25T10:00:00Z,2026-04-25T14:00:00Z,240
1816744,West,FARIDKOT,Dutt Road,Planned,Active,2026-04-25T10:00:00Z,2026-04-25T14:00:00Z,240
1816743,West,FARIDKOT,FCI URBAN,Planned,Active,2026-04-25T10:00:00Z,2026-04-25T14:00:00Z,240
1816742,West,FARIDKOT,AMRITSAR ROAD URBAN,Planned,Active,2026-04-25T10:00:00Z,2026-04-25T14:00:00Z,240
1816741,West,FARIDKOT,SAHIBZADA AJIT SINGH NAGAR,Planned,Active,2026-04-25T10:00:00Z,2026-04-25T14:00:00Z,240
1816720,Central,SUB URBAN LUDHIANA,BULARA ROAD,Planned,Active,2026-04-25T10:00:00Z,2026-04-25T11:00:00Z,60
1816610,Central,SUB URBAN LUDHIANA,Ramgarh sivian,Planned,Active,2026-04-25T10:00:00Z,2026-04-25T13:00:00Z,180
1816563,Central,KHANNA,Industrial-1,Planned,Active,2026-04-25T10:00:00Z,2026-04-25T13:00:00Z,180
1816559,Central,KHANNA,OSWAL,Planned,Active,2026-04-25T10:00:00Z,2026-04-25T13:00:00Z,180
1816557,Central,KHANNA,LONGOWALIAN,Planned,Active,2026-04-25T10:00:00Z,2026-04-25T13:00:00Z,180
1816545,Central,SUB URBAN LUDHIANA,DALLA URBAN,Planned,Closed,2026-04-25T10:00:00Z,2026-04-25T10:12:00Z,12
1816504,Central,SUB URBAN LUDHIANA,Pakhowal (Urban),Planned,Active,2026-04-25T10:00:00Z,2026-04-25T14:00:00Z,240
1816463,Central,KHANNA,URBAN,Planned,Active,2026-04-25T10:00:00Z,2026-04-25T13:00:00Z,180
1816378,Central,KHANNA,C K UPS,Planned,Active,2026-04-25T10:00:00Z,2026-04-25T14:00:00Z,240
1816372,Central,KHANNA,Khanoura UPS,Planned,Active,2026-04-25T10:00:00Z,2026-04-25T14:00:00Z,240
1816342,Central,CITY WEST LUDHIANA,SHAI MOHALLA,Planned,Active,2026-04-25T10:00:00Z,2026-04-25T14:00:00Z,240
1816340,South,SANGRUR,GHANOURI KALAN C1,Planned,Active,2026-04-25T10:00:00Z,2026-04-25T14:00:00Z,240
1816274,South,PATIALA,Jhill,Planned,Active,2026-04-25T10:00:00Z,2026-04-25T13:00:00Z,180
1813925,North,NAWANSHAHR,JAGATPUR,Planned,Active,2026-04-25T10:00:00Z,2026-04-25T15:00:00Z,300
1813924,North,NAWANSHAHR,Poonian,Planned,Active,2026-04-25T10:00:00Z,2026-04-25T15:00:00Z,300
1813814,Central,KHANNA,TELEPHONE EXCH.,Planned,Active,2026-04-25T10:00:00Z,2026-04-25T14:00:00Z,240
1813812,Central,KHANNA,Surindra,Planned,Active,2026-04-25T10:00:00Z,2026-04-25T14:00:00Z,240
1813811,Central,KHANNA,Doaba,Planned,Active,2026-04-25T10:00:00Z,2026-04-25T14:00:00Z,240
1813810,Central,KHANNA,Punjab Mill,Planned,Active,2026-04-25T10:00:00Z,2026-04-25T14:00:00Z,240
1813809,Central,KHANNA,SHIVPURI,Planned,Active,2026-04-25T10:00:00Z,2026-04-25T14:00:00Z,240
1813807,Central,KHANNA,Motia Khan,Planned,Active,2026-04-25T10:00:00Z,2026-04-25T14:00:00Z,240
1820241,West,MUKATSAR,11 KV BALLUANA UPS,Unplanned,Active,2026-04-25T09:55:00Z,2026-04-25T11:50:33Z,115
1820236,Central,SUB URBAN LUDHIANA,City-4,Unplanned,Active,2026-04-25T09:55:00Z,2026-04-25T14:00:00Z,245
1820235,South,BARNALA,11 KV SEKHA UPS (NEW),Unplanned,Active,2026-04-25T09:55:00Z,2026-04-25T13:00:00Z,185
1820230,North,NAWANSHAHR,BHAJJAL,Unplanned,Closed,2026-04-25T09:55:00Z,2026-04-25T10:15:00Z,20
1820218,Border,SUB URBAN AMRITSAR,Dalam,Planned,Active,2026-04-25T09:55:00Z,2026-04-25T16:00:00Z,365
1820217,Border,SUB URBAN AMRITSAR,SENSRA UPS,Planned,Active,2026-04-25T09:55:00Z,2026-04-25T16:00:00Z,365
1820216,Border,SUB URBAN AMRITSAR,MEHLAN WALA UPS,Planned,Active,2026-04-25T09:55:00Z,2026-04-25T16:00:00Z,365
1816229,West,FEROZPUR,11 KV Delhi Gate,Planned,Active,2026-04-25T09:54:44Z,2026-04-25T18:06:44Z,492
1816228,West,FEROZPUR,CENTRAL JAIL,Planned,Active,2026-04-25T09:54:44Z,2026-04-25T18:06:44Z,492
1816227,West,FEROZPUR,Dhawan Colony,Planned,Active,2026-04-25T09:54:44Z,2026-04-25T18:06:44Z,492
1816226,West,FEROZPUR,11 NAMDEV CHAUNK URBAN,Planned,Active,2026-04-25T09:54:44Z,2026-04-25T18:06:44Z,492
1816225,West,FEROZPUR,ZILA PARISHAD,Planned,Active,2026-04-25T09:54:44Z,2026-04-25T18:06:44Z,492
1816224,West,FEROZPUR,BAGDADI GATE,Planned,Active,2026-04-25T09:54:44Z,2026-04-25T18:06:44Z,492
1816223,West,FEROZPUR,RAILWAY,Planned,Active,2026-04-25T09:54:44Z,2026-04-25T18:06:44Z,492
1817628,Border,CITY AMRITSAR,11 KV Peer Shah Road,Planned,Active,2026-04-25T09:54:33Z,2026-04-25T13:00:00Z,185
1820224,North,NAWANSHAHR,City Banga,Planned,Active,2026-04-25T09:54:03Z,2026-04-25T15:00:00Z,305
1820222,North,NAWANSHAHR,11KVCITY-2,Planned,Active,2026-04-25T09:54:03Z,2026-04-25T15:00:00Z,305
1814095,East,ROPAR,11KV  Dhahe Feeder,Planned,Active,2026-04-25T09:52:00Z,2026-04-25T13:00:00Z,188
1820219,South,SANGRUR,11 KV SITASAR URBAN,Unplanned,Closed,2026-04-25T09:50:00Z,2026-04-25T10:27:00Z,37
1820215,South,SANGRUR,SEKHUWAS CITY,Unplanned,Closed,2026-04-25T09:48:00Z,2026-04-25T10:03:00Z,15
1820214,Central,KHANNA,Salani,Unplanned,Active,2026-04-25T09:48:00Z,2026-04-25T10:48:00Z,60
1820202,East,ROPAR,11 KV Arya College Road,Planned,Active,2026-04-25T09:46:00Z,2026-04-25T11:00:00Z,74
1820210,Border,TARN TARAN,JAWANDY KHURD,Planned,Active,2026-04-25T09:45:00Z,2026-04-25T15:00:00Z,315
1820208,North,HOSHIARPUR,UMARPUR,Planned,Active,2026-04-25T09:45:00Z,2026-04-25T13:00:00Z,195
1820221,Border,GURDASPUR,GHO,Unplanned,Active,2026-04-25T09:44:00Z,2026-04-25T12:30:00Z,166
1820209,North,HOSHIARPUR,Mahilpur,Unplanned,Active,2026-04-25T09:43:00Z,2026-04-25T11:00:00Z,77
1820201,North,KAPURTHALA,AJTANI BET,Planned,Active,2026-04-25T09:43:00Z,2026-04-25T11:00:00Z,77
1817629,Border,CITY AMRITSAR,11 KV Akara Kallu,Planned,Active,2026-04-25T09:42:33Z,2026-04-25T13:00:00Z,197
1820197,South,SANGRUR,MANDVI CITY,Unplanned,Active,2026-04-25T09:42:29Z,2026-04-25T11:10:26Z,87
1820220,Border,GURDASPUR,Pioneer Agro,Unplanned,Closed,2026-04-25T09:41:00Z,2026-04-25T10:11:00Z,30
1820195,South,SANGRUR,Hamirgarh City,Unplanned,Active,2026-04-25T09:40:20Z,2026-04-25T10:30:59Z,50
1820234,East,MOHALI,SWARA,Unplanned,Active,2026-04-25T09:40:00Z,2026-04-25T11:25:00Z,105
1820207,West,FARIDKOT,JAITO CITY,Planned,Closed,2026-04-25T09:40:00Z,2026-04-25T09:48:00Z,8
1820204,East,Zirakpur,11 KV PREM NAGAR FEEDER,Unplanned,Closed,2026-04-25T09:40:00Z,2026-04-25T10:15:00Z,35
1820203,East,Zirakpur,LALRU CITY,Unplanned,Closed,2026-04-25T09:40:00Z,2026-04-25T10:15:00Z,35
1820200,North,HOSHIARPUR,Bassi Gulam Hussian,Unplanned,Active,2026-04-25T09:34:00Z,2026-04-25T11:00:00Z,86
1820192,Central,CITY EAST LUDHIANA,RAM NAGAR Feeder,Unplanned,Active,2026-04-25T09:32:00Z,2026-04-25T10:00:00Z,28
1820193,West,MUKATSAR,Shakti Nagar,Planned,Active,2026-04-25T09:31:32Z,2026-04-25T12:30:00Z,178
1809679,South,SANGRUR,Club Road,Planned,Active,2026-04-25T09:30:36Z,2026-04-25T10:30:36Z,60
1809678,South,SANGRUR,Dhuri Gate,Planned,Active,2026-04-25T09:30:36Z,2026-04-25T10:30:36Z,60
1820199,Border,GURDASPUR,BULEWAL,Unplanned,Active,2026-04-25T09:30:00Z,2026-04-25T13:00:00Z,210
1820198,Border,GURDASPUR,GHUMAN,Unplanned,Active,2026-04-25T09:30:00Z,2026-04-25T13:00:00Z,210
1820179,North,KAPURTHALA,Bhagwanpur,Planned,Active,2026-04-25T09:30:00Z,2026-04-25T13:30:00Z,240
1820175,North,KAPURTHALA,MES URBAN,Planned,Active,2026-04-25T09:30:00Z,2026-04-25T13:00:00Z,210
1817486,West,MUKATSAR,Noor Samand,Planned,Active,2026-04-25T09:30:00Z,2026-04-25T13:01:00Z,211
1817485,West,MUKATSAR,Behak Khas,Planned,Active,2026-04-25T09:30:00Z,2026-04-25T13:00:00Z,210
1817484,West,MUKATSAR,Lalo Wali,Planned,Active,2026-04-25T09:30:00Z,2026-04-25T13:00:00Z,210
1816523,Central,SUB URBAN LUDHIANA,Mandir,Planned,Active,2026-04-25T09:30:00Z,2026-04-25T12:30:00Z,180
1808816,East,Zirakpur,PATIALA ROAD,Planned,Active,2026-04-25T09:30:00Z,2026-04-25T18:30:00Z,540
1808815,East,Zirakpur,Sukhmani Sahib,Planned,Active,2026-04-25T09:30:00Z,2026-04-25T18:30:00Z,540
1808814,East,Zirakpur,NABHA SAHIB,Planned,Active,2026-04-25T09:30:00Z,2026-04-25T18:30:00Z,540
1808813,East,Zirakpur,PEER BABA ROAD,Planned,Active,2026-04-25T09:30:00Z,2026-04-25T18:30:00Z,540
1808812,East,Zirakpur,Jaskaran,Planned,Active,2026-04-25T09:30:00Z,2026-04-25T17:30:00Z,480
1808811,East,Zirakpur,RANBAXY,Planned,Active,2026-04-25T09:30:00Z,2026-04-25T18:30:00Z,540
1808810,East,Zirakpur,ZIRAKPUR-1,Planned,Active,2026-04-25T09:30:00Z,2026-04-25T17:30:00Z,480
1820188,North,HOSHIARPUR,Ahiapur,Unplanned,Active,2026-04-25T09:28:00Z,2026-04-25T10:28:00Z,60
1816434,West,FEROZPUR,11 KV  Bhagat singh College,Planned,Active,2026-04-25T09:26:21Z,2026-04-25T17:26:21Z,480
1816433,West,FEROZPUR,Gobar Mandi,Planned,Active,2026-04-25T09:26:21Z,2026-04-25T17:26:21Z,480
1816432,West,FEROZPUR,Bahadur Wala,Planned,Active,2026-04-25T09:26:21Z,2026-04-25T17:26:21Z,480
1816431,West,FEROZPUR,City Enclave,Planned,Active,2026-04-25T09:26:21Z,2026-04-25T17:26:21Z,480
1816430,West,FEROZPUR,HAKE WALA,Planned,Active,2026-04-25T09:26:21Z,2026-04-25T17:26:21Z,480
1816429,West,FEROZPUR,DANA MANDI,Planned,Active,2026-04-25T09:26:21Z,2026-04-25T17:26:21Z,480
1816428,West,FEROZPUR,Makhu Gate,Planned,Active,2026-04-25T09:26:21Z,2026-04-25T17:26:21Z,480
1816427,West,FEROZPUR,POLYTECHNIC COLLEGE,Planned,Active,2026-04-25T09:26:21Z,2026-04-25T17:26:21Z,480
1816426,West,FEROZPUR,SODHE WALA,Planned,Active,2026-04-25T09:26:21Z,2026-04-25T17:26:21Z,480
1820190,East,MOHALI,Sector-79B,Unplanned,Active,2026-04-25T09:25:02Z,2026-04-25T11:00:00Z,94
1820183,Border,SUB URBAN AMRITSAR,GURU NANAKPURA,Planned,Active,2026-04-25T09:25:00Z,2026-04-25T14:00:00Z,275
1820191,West,FARIDKOT,KOTKAPURA ROAD,Planned,Closed,2026-04-25T09:24:00Z,2026-04-25T09:38:00Z,14
1820189,West,FARIDKOT,HARDIAL NAGAR,Planned,Closed,2026-04-25T09:24:00Z,2026-04-25T09:38:00Z,14
1820185,South,SANGRUR,11 KV BUGGRAN AP,Planned,Active,2026-04-25T09:23:23Z,2026-04-25T18:52:38Z,569
1820186,South,SANGRUR,Tibian Wali,Planned,Active,2026-04-25T09:23:00Z,2026-04-25T18:53:07Z,570
1814068,East,ROPAR,AILGRAN,Planned,Active,2026-04-25T09:18:00Z,2026-04-25T13:00:00Z,222
1820184,North,HOSHIARPUR,Chetna Park,Unplanned,Closed,2026-04-25T09:17:00Z,2026-04-25T09:35:00Z,18
1820182,South,SANGRUR,11 KV NAVA BAZAR C-1,Unplanned,Closed,2026-04-25T09:16:43Z,2026-04-25T10:25:22Z,68
1816601,Central,SUB URBAN LUDHIANA,Chanduana Sahib,Planned,Closed,2026-04-25T09:15:00Z,2026-04-25T09:31:00Z,16
1820173,North,JALANDHAR,SHANKAR,Unplanned,Closed,2026-04-25T09:12:00Z,2026-04-25T10:00:00Z,48
1820170,South,PATIALA,11 KV RADHA SWAMI ROAD,Unplanned,Active,2026-04-25T09:12:00Z,2026-04-25T14:00:00Z,288
1820168,Border,TARN TARAN,JHENDER  UPS,Planned,Active,2026-04-25T09:10:26Z,2026-04-25T12:30:50Z,200
1820181,Border,SUB URBAN AMRITSAR,Judge Nagar,Unplanned,Closed,2026-04-25T09:05:00Z,2026-04-25T09:36:00Z,31
1820169,South,PATIALA,Hospital feeder,Unplanned,Active,2026-04-25T09:05:00Z,2026-04-25T11:00:00Z,115
1820167,North,HOSHIARPUR,NARA DADA,Unplanned,Closed,2026-04-25T09:05:00Z,2026-04-25T09:30:00Z,25
1814089,East,ROPAR,SHRI DASHMESH ACADEMY,Planned,Active,2026-04-25T09:04:00Z,2026-04-25T13:00:00Z,236
1817631,Border,CITY AMRITSAR,B-K DUTT Gate,Planned,Active,2026-04-25T09:03:33Z,2026-04-25T13:00:00Z,236
1814102,East,ROPAR,SWARA,Planned,Active,2026-04-25T09:01:00Z,2026-04-25T13:00:00Z,239
1814029,East,ROPAR,BAINS,Planned,Active,2026-04-25T09:01:00Z,2026-04-25T13:00:00Z,239
1820058,West,MUKATSAR,INDUSTRIAL,Planned,Active,2026-04-25T09:00:38Z,2026-04-25T15:00:38Z,360
1820057,West,MUKATSAR,DARBAR SAHIB,Planned,Active,2026-04-25T09:00:38Z,2026-04-25T15:00:38Z,360
1820056,West,MUKATSAR,TIBBI SAHIB,Planned,Active,2026-04-25T09:00:38Z,2026-04-25T15:00:38Z,360
1820055,West,MUKATSAR,GONIANA,Planned,Active,2026-04-25T09:00:38Z,2026-04-25T15:00:38Z,360
1820054,West,MUKATSAR,BATHINDA ROAD,Planned,Active,2026-04-25T09:00:38Z,2026-04-25T15:00:38Z,360
1809683,South,SANGRUR,Guru Nanak Colony,Planned,Active,2026-04-25T09:00:36Z,2026-04-25T09:30:36Z,30
1809682,South,SANGRUR,Manshahia Colony,Planned,Active,2026-04-25T09:00:36Z,2026-04-25T09:30:36Z,30
1809681,South,SANGRUR,Kishanpura Road,Planned,Active,2026-04-25T09:00:36Z,2026-04-25T09:30:36Z,30
1809680,South,SANGRUR,Homi Bhabha,Planned,Active,2026-04-25T09:00:36Z,2026-04-25T09:30:36Z,30
1815920,South,SANGRUR,RAIDHRANA CAT-1,Planned,Active,2026-04-25T09:00:31Z,2026-04-25T13:00:31Z,240
1815919,South,SANGRUR,S/S,Planned,Active,2026-04-25T09:00:31Z,2026-04-25T13:00:31Z,240
1815918,South,SANGRUR,UPS  raidharana,Planned,Active,2026-04-25T09:00:31Z,2026-04-25T13:00:31Z,240
1816450,Central,CITY WEST LUDHIANA,11KV NDRF UPS,Planned,Active,2026-04-25T09:00:30Z,2026-04-25T13:00:46Z,240
1816541,Central,CITY EAST LUDHIANA,GOPAL NAGAR,Planned,Active,2026-04-25T09:00:16Z,2026-04-25T13:00:27Z,240
1816448,Central,CITY WEST LUDHIANA,Kutbewal,Planned,Active,2026-04-25T09:00:15Z,2026-04-25T13:00:30Z,240
1820180,North,HOSHIARPUR,Kalupur,Planned,Active,2026-04-25T09:00:00Z,2026-04-25T13:00:00Z,240
1820178,North,HOSHIARPUR,Katarian,Planned,Active,2026-04-25T09:00:00Z,2026-04-25T13:00:00Z,240
1820177,North,HOSHIARPUR,NURPUR,Planned,Active,2026-04-25T09:00:00Z,2026-04-25T13:00:00Z,240
1820176,North,HOSHIARPUR,RAMPUR,Planned,Active,2026-04-25T09:00:00Z,2026-04-25T13:00:00Z,240
1820174,North,HOSHIARPUR,Dhada,Planned,Active,2026-04-25T09:00:00Z,2026-04-25T13:00:00Z,240
1820172,North,HOSHIARPUR,Easpur,Planned,Active,2026-04-25T09:00:00Z,2026-04-25T13:00:00Z,240
1820171,North,HOSHIARPUR,SUNNI,Planned,Active,2026-04-25T09:00:00Z,2026-04-25T13:00:00Z,240
1819472,East,Zirakpur,SILVERCITY,Planned,Active,2026-04-25T09:00:00Z,2026-04-25T13:00:00Z,240
1819456,East,Zirakpur,HARMILAP NAGAR,Planned,Active,2026-04-25T09:00:00Z,2026-04-25T13:00:00Z,240
1819452,East,Zirakpur,11KV  SUSHMA,Planned,Active,2026-04-25T09:00:00Z,2026-04-25T13:00:00Z,240
1817493,Central,SUB URBAN LUDHIANA,M.B.Export,Planned,Active,2026-04-25T09:00:00Z,2026-04-25T13:00:00Z,240
1816747,Central,CITY EAST LUDHIANA,GAJJA JAIN COLONY,Planned,Active,2026-04-25T09:00:00Z,2026-04-25T12:55:00Z,235
1816598,Central,CITY EAST LUDHIANA,SAHIBANA,Planned,Active,2026-04-25T09:00:00Z,2026-04-25T13:00:00Z,240
1816579,Central,SUB URBAN LUDHIANA,CITY NO 07,Planned,Active,2026-04-25T09:00:00Z,2026-04-25T13:00:00Z,240
1816573,Central,SUB URBAN LUDHIANA,Rania,Planned,Active,2026-04-25T09:00:00Z,2026-04-25T13:00:00Z,240
1816564,West,MUKATSAR,Town,Planned,Active,2026-04-25T09:00:00Z,2026-04-25T13:00:00Z,240
1816551,Central,CITY EAST LUDHIANA,KAKOWAL,Planned,Active,2026-04-25T09:00:00Z,2026-04-25T13:00:00Z,240
1816550,Central,SUB URBAN LUDHIANA,TAHLI SAHIB,Planned,Closed,2026-04-25T09:00:00Z,2026-04-25T09:18:00Z,18
1816549,Central,CITY EAST LUDHIANA,BAHADURKEY,Planned,Active,2026-04-25T09:00:00Z,2026-04-25T13:00:00Z,240
1816514,Central,CITY EAST LUDHIANA,SEKHEWAL,Planned,Active,2026-04-25T09:00:00Z,2026-04-25T13:00:00Z,240
1816453,Central,CITY WEST LUDHIANA,Feed Fresh,Planned,Active,2026-04-25T09:00:00Z,2026-04-25T13:00:00Z,240
1816446,Central,CITY EAST LUDHIANA,FOCAL POINT,Planned,Active,2026-04-25T09:00:00Z,2026-04-25T13:00:00Z,240
1816347,South,BARNALA,INDUSTRIAL,Planned,Active,2026-04-25T09:00:00Z,2026-04-25T13:00:00Z,240
1816346,Central,SUB URBAN LUDHIANA,Paper Mill,Planned,Active,2026-04-25T09:00:00Z,2026-04-25T13:00:00Z,240
1816345,South,BARNALA,MEHAL KHURAD UPS,Planned,Active,2026-04-25T09:00:00Z,2026-04-25T13:00:00Z,240
1816344,Central,SUB URBAN LUDHIANA,Bhonar City,Planned,Active,2026-04-25T09:00:00Z,2026-04-25T13:00:00Z,240
1816343,South,BARNALA,MEHAL KALAN CITY,Planned,Active,2026-04-25T09:00:00Z,2026-04-25T13:00:00Z,240
1816194,South,PATIALA,Bhupindra Road,Planned,Active,2026-04-25T09:00:00Z,2026-04-25T13:00:00Z,240
1816192,South,PATIALA,shera wala gate,Planned,Active,2026-04-25T09:00:00Z,2026-04-25T12:00:00Z,180
1820164,East,MOHALI,BANUR URBAN 2,Unplanned,Active,2026-04-25T08:56:00Z,2026-04-25T11:03:43Z,127
1820160,Central,CITY EAST LUDHIANA,PETROL PUMP,Unplanned,Closed,2026-04-25T08:56:00Z,2026-04-25T09:20:00Z,24
1820187,West,FARIDKOT,Kothe Warring (Samgh),Unplanned,Active,2026-04-25T08:53:00Z,2026-04-25T11:00:00Z,127
1820156,North,JALANDHAR,CHURCH,Unplanned,Closed,2026-04-25T08:43:00Z,2026-04-25T09:15:00Z,32
1820157,North,JALANDHAR,ADDA HOSHIARPUR,Unplanned,Closed,2026-04-25T08:40:46Z,2026-04-25T08:57:00Z,16
1820158,West,MUKATSAR,Bajidpur Katian Wali,Unplanned,Active,2026-04-25T08:36:32Z,2026-04-25T11:00:00Z,143
1820154,Border,GURDASPUR,Dhadiala,Unplanned,Active,2026-04-25T08:36:00Z,2026-04-25T12:00:00Z,204
1820163,Border,GURDASPUR,LOHCHAP,Unplanned,Active,2026-04-25T08:35:00Z,2026-04-25T12:00:00Z,205
1816543,Central,KHANNA,KATANA SAHIB,Planned,Active,2026-04-25T08:30:00Z,2026-04-25T11:00:00Z,150
1820145,North,KAPURTHALA,11 KV NAHALA FEEDER,Planned,Active,2026-04-25T08:29:00Z,2026-04-25T10:29:00Z,120
1820138,North,JALANDHAR,BHAKHRIANA,Unplanned,Active,2026-04-25T08:16:00Z,2026-04-25T10:00:00Z,104
1816301,South,PATIALA,11KV Chandni Chownk,Planned,Active,2026-04-25T08:13:31Z,2026-04-25T15:00:00Z,406
1820143,East,MOHALI,SEC-69,Unplanned,Closed,2026-04-25T08:12:00Z,2026-04-25T08:26:00Z,14
1820139,North,HOSHIARPUR,Bhogpur,Unplanned,Closed,2026-04-25T08:10:00Z,2026-04-25T09:32:00Z,82
1820142,North,JALANDHAR,ADDA HOSHIARPUR,Unplanned,Closed,2026-04-25T08:08:00Z,2026-04-25T08:28:00Z,20
1820144,East,ROPAR,11 kv Dulchi Majra,Unplanned,Closed,2026-04-25T08:05:00Z,2026-04-25T08:25:00Z,20
1816915,West,FARIDKOT,SADIQ,Planned,Active,2026-04-25T08:00:32Z,2026-04-25T12:00:00Z,239
1820162,North,KAPURTHALA,Bajuha,Unplanned,Active,2026-04-25T08:00:00Z,2026-04-25T12:00:00Z,240
1820136,North,NAWANSHAHR,NIGHI,Unplanned,Closed,2026-04-25T08:00:00Z,2026-04-25T09:05:00Z,65
1820133,Border,GURDASPUR,City Thana,Planned,Closed,2026-04-25T08:00:00Z,2026-04-25T08:11:00Z,11
1820137,Border,GURDASPUR,GAGOWALI,Unplanned,Closed,2026-04-25T07:59:00Z,2026-04-25T09:10:00Z,71
1820132,Border,GURDASPUR,LOHCHAP,Unplanned,Closed,2026-04-25T07:55:00Z,2026-04-25T08:05:00Z,10
1820134,East,ROPAR,11KV Dugri,Unplanned,Closed,2026-04-25T07:50:00Z,2026-04-25T08:01:00Z,11
1820129,South,PATIALA,WARICHAN ROAD,Unplanned,Closed,2026-04-25T07:50:00Z,2026-04-25T09:00:00Z,70
1820127,North,JALANDHAR,Talhan,Unplanned,Active,2026-04-25T07:45:00Z,2026-04-25T16:00:00Z,495
1820126,North,HOSHIARPUR,HAMZA,Unplanned,Closed,2026-04-25T07:45:00Z,2026-04-25T08:08:00Z,23
1820131,Central,CITY WEST LUDHIANA,MINT GUMRI,Unplanned,Closed,2026-04-25T07:42:17Z,2026-04-25T08:42:41Z,60
1820148,Border,TARN TARAN,RAJADEWAL,Unplanned,Active,2026-04-25T07:40:00Z,2026-04-25T12:00:00Z,260
1820147,Border,TARN TARAN,KARTARPUR RURAL,Unplanned,Active,2026-04-25T07:40:00Z,2026-04-25T12:00:00Z,260
1820130,Border,SUB URBAN AMRITSAR,PAWAN NAGAR,Unplanned,Closed,2026-04-25T07:40:00Z,2026-04-25T08:40:00Z,60
1820124,East,MOHALI,AP CHILLA,Unplanned,Closed,2026-04-25T07:40:00Z,2026-04-25T08:56:00Z,76
1820125,North,NAWANSHAHR,BHADDI URBAN,Unplanned,Closed,2026-04-25T07:35:00Z,2026-04-25T10:05:00Z,150
1820123,Border,GURDASPUR,KHAN PIARA,Unplanned,Closed,2026-04-25T07:35:00Z,2026-04-25T08:20:00Z,45
1820121,North,JALANDHAR,Chandpur,Unplanned,Active,2026-04-25T07:35:00Z,2026-04-25T15:00:00Z,445
1820128,West,FARIDKOT,Panj Grain,Unplanned,Closed,2026-04-25T07:30:00Z,2026-04-25T08:55:00Z,85
1820120,North,JALANDHAR,Johal,Unplanned,Active,2026-04-25T07:30:00Z,2026-04-25T15:00:00Z,450
1820118,Border,GURDASPUR,Bahardur Hussain,Unplanned,Closed,2026-04-25T07:30:00Z,2026-04-25T09:50:00Z,140
1820117,Border,GURDASPUR,Doulatpur,Unplanned,Active,2026-04-25T07:30:00Z,2026-04-25T12:00:00Z,270
1820116,Border,GURDASPUR,SHANTI NAGAR,Unplanned,Closed,2026-04-25T07:28:00Z,2026-04-25T08:05:00Z,37
1820119,East,ROPAR,Dher,Unplanned,Closed,2026-04-25T07:27:00Z,2026-04-25T07:45:00Z,18
1820115,South,PATIALA,11 KV AP MOHBATPUR,Unplanned,Closed,2026-04-25T07:25:00Z,2026-04-25T07:45:00Z,20
1820122,Border,GURDASPUR,Amo Nangal,Unplanned,Closed,2026-04-25T07:20:00Z,2026-04-25T07:44:00Z,24
1820113,South,PATIALA,KAMI KALAN,Unplanned,Closed,2026-04-25T07:20:00Z,2026-04-25T10:00:10Z,160
1820111,North,JALANDHAR,Heera pur,Unplanned,Closed,2026-04-25T07:16:00Z,2026-04-25T09:17:00Z,121
1820114,South,PATIALA,MUKHMAILPUR,Unplanned,Active,2026-04-25T07:15:00Z,2026-04-25T12:00:00Z,285
1820112,Border,GURDASPUR,Ranipur,Unplanned,Closed,2026-04-25T07:15:00Z,2026-04-25T08:15:00Z,60
1820110,North,NAWANSHAHR,JADALI,Unplanned,Closed,2026-04-25T07:10:00Z,2026-04-25T07:30:00Z,20
1820107,North,HOSHIARPUR,BULLOWAL,Unplanned,Closed,2026-04-25T07:05:00Z,2026-04-25T07:20:00Z,15
1820106,Central,CITY WEST LUDHIANA,A W H O,Unplanned,Closed,2026-04-25T07:04:36Z,2026-04-25T07:34:55Z,30
1820155,West,FARIDKOT,11KV NANGAL UPS,Unplanned,Closed,2026-04-25T07:02:00Z,2026-04-25T09:45:00Z,163
1820108,West,FARIDKOT,DEEP SINGH WALA,Unplanned,Closed,2026-04-25T07:00:32Z,2026-04-25T09:37:00Z,156
1820042,West,MUKATSAR,MALOUT ROAD,Planned,Active,2026-04-25T07:00:04Z,2026-04-25T12:00:04Z,300
1820041,West,MUKATSAR,11KV Danna Mandi,Planned,Active,2026-04-25T07:00:04Z,2026-04-25T12:00:04Z,300
1820040,West,MUKATSAR,11KV Balam Garh Road,Planned,Active,2026-04-25T07:00:04Z,2026-04-25T12:00:04Z,300
1820039,West,MUKATSAR,BUS STAND,Planned,Active,2026-04-25T07:00:04Z,2026-04-25T12:00:04Z,300
1820105,North,NAWANSHAHR,CITY BALACHAUR NO-2,Unplanned,Closed,2026-04-25T07:00:00Z,2026-04-25T07:32:00Z,32
1820104,South,PATIALA,Cantt Road,Unplanned,Closed,2026-04-25T06:56:00Z,2026-04-25T10:19:00Z,203
1820103,Border,CITY AMRITSAR,MAKBOOL PURA,Unplanned,Closed,2026-04-25T06:48:00Z,2026-04-25T07:25:00Z,37
1820109,West,MUKATSAR,11 KV Alamgarh,Unplanned,Closed,2026-04-25T06:41:00Z,2026-04-25T07:36:00Z,55
1820051,South,PATIALA,KISHAN NAGAR,Unplanned,Closed,2026-04-25T06:16:00Z,2026-04-25T06:54:00Z,38
1820050,South,PATIALA,Nabha Gate,Unplanned,Closed,2026-04-25T06:16:00Z,2026-04-25T07:00:00Z,44
1820135,West,FARIDKOT,11KV BHAI DARBARI DAS,Unplanned,Closed,2026-04-25T06:15:00Z,2026-04-25T08:30:00Z,135
1820059,South,PATIALA,11 KV NEXGEN FEEDER,Unplanned,Active,2026-04-25T06:15:00Z,2026-04-25T12:00:00Z,345
1820036,North,HOSHIARPUR,Bassi Gulam Hussian,Unplanned,Active,2026-04-25T06:05:00Z,2026-04-25T11:30:00Z,325
1820033,North,NAWANSHAHR,MAHIPUR,Unplanned,Closed,2026-04-25T05:50:00Z,2026-04-25T06:00:00Z,10
1820011,North,KAPURTHALA,11kv urban  Industrial,Unplanned,Closed,2026-04-25T05:44:00Z,2026-04-25T06:35:00Z,51
1820034,West,BATHINDA,Talwandi Road,Unplanned,Active,2026-04-25T05:33:00Z,2026-04-25T10:00:00Z,267
1819918,North,JALANDHAR,SANTOKHPURA,Unplanned,Closed,2026-04-25T05:15:00Z,2026-04-25T05:40:00Z,25
1819904,North,JALANDHAR,KHURLA KINGRA,Unplanned,Closed,2026-04-25T05:02:00Z,2026-04-25T07:02:00Z,120
1819788,West,FARIDKOT,DHARAMKOT,Unplanned,Closed,2026-04-25T04:15:14Z,2026-04-25T06:22:52Z,127
1819787,West,MUKATSAR,11 KV Panjpeer Nagar,Unplanned,Closed,2026-04-25T04:00:00Z,2026-04-25T07:20:00Z,200
1819777,Border,GURDASPUR,Dhira,Unplanned,Closed,2026-04-25T04:00:00Z,2026-04-25T04:55:00Z,55
1819776,South,PATIALA,Anardana,Unplanned,Closed,2026-04-25T03:54:00Z,2026-04-25T04:46:00Z,52
1819651,Central,CITY WEST LUDHIANA,jawahar nagar,Unplanned,Closed,2026-04-25T03:15:15Z,2026-04-25T03:28:27Z,13
1819650,Central,CITY WEST LUDHIANA,MODEL GRAM,Unplanned,Closed,2026-04-25T03:15:15Z,2026-04-25T03:26:52Z,11
1819649,Central,CITY WEST LUDHIANA,SITA NAGAR,Unplanned,Closed,2026-04-25T03:15:15Z,2026-04-25T03:28:08Z,12
1819648,Central,CITY WEST LUDHIANA,RAILWAY LOCO SHED,Unplanned,Closed,2026-04-25T03:15:15Z,2026-04-25T03:27:52Z,12
1819647,Central,CITY WEST LUDHIANA,ESI,Unplanned,Closed,2026-04-25T03:15:15Z,2026-04-25T03:27:38Z,12
1819646,Central,CITY WEST LUDHIANA,GULMOHAR,Unplanned,Closed,2026-04-25T03:15:15Z,2026-04-25T03:26:35Z,11
1819691,Central,CITY WEST LUDHIANA,LODHI CLUB,Planned,Closed,2026-04-25T03:10:33Z,2026-04-25T03:32:06Z,21
1819690,Central,CITY WEST LUDHIANA,MAHAVIR NAGAR,Planned,Closed,2026-04-25T03:10:33Z,2026-04-25T03:32:22Z,21
1819689,Central,CITY WEST LUDHIANA,Aman Park,Planned,Closed,2026-04-25T03:10:33Z,2026-04-25T03:33:19Z,22
1819688,Central,CITY WEST LUDHIANA,SHEETLA MANDHIR,Planned,Closed,2026-04-25T03:10:33Z,2026-04-25T03:30:50Z,20
1819687,Central,CITY WEST LUDHIANA,Bhagat Naam Dev,Planned,Closed,2026-04-25T03:10:33Z,2026-04-25T03:31:08Z,20
1819686,Central,CITY WEST LUDHIANA,Ferozpur Road,Planned,Closed,2026-04-25T03:10:33Z,2026-04-25T03:30:33Z,20
1819685,Central,CITY WEST LUDHIANA,GALADA,Planned,Closed,2026-04-25T03:10:33Z,2026-04-25T03:31:37Z,21
1819684,Central,CITY WEST LUDHIANA,Jagjit Nagar,Planned,Closed,2026-04-25T03:10:33Z,2026-04-25T03:33:03Z,22
1819683,Central,CITY WEST LUDHIANA,Ishmeet Acadmy,Planned,Closed,2026-04-25T03:10:33Z,2026-04-25T03:31:21Z,20
1819682,Central,CITY WEST LUDHIANA,Housing Board (New),Planned,Closed,2026-04-25T03:10:33Z,2026-04-25T03:33:34Z,23
1819681,Central,CITY WEST LUDHIANA,MAGNET ROAD,Planned,Closed,2026-04-25T03:10:33Z,2026-04-25T03:31:51Z,21
1819680,Central,CITY WEST LUDHIANA,Rajguru Nagar,Planned,Closed,2026-04-25T03:10:33Z,2026-04-25T03:33:52Z,23
1819679,Central,CITY WEST LUDHIANA,AKM,Planned,Closed,2026-04-25T03:10:33Z,2026-04-25T03:32:44Z,22
1819642,Central,CITY WEST LUDHIANA,MODEL TOWN,Unplanned,Closed,2026-04-25T03:10:09Z,2026-04-25T03:29:51Z,19
1819641,Central,CITY WEST LUDHIANA,MINT GUMRI,Unplanned,Closed,2026-04-25T03:10:09Z,2026-04-25T03:30:02Z,19
1819640,Central,CITY WEST LUDHIANA,ABDULLAPUR BASTI,Unplanned,Closed,2026-04-25T03:10:09Z,2026-04-25T03:29:35Z,19
1819639,Central,CITY WEST LUDHIANA,MODEL HOUSE,Unplanned,Closed,2026-04-25T03:10:09Z,2026-04-25T03:29:08Z,18
1819638,Central,CITY WEST LUDHIANA,RENTAL COLONY,Unplanned,Closed,2026-04-25T03:10:09Z,2026-04-25T03:36:09Z,26
1819637,Central,CITY WEST LUDHIANA,BANK  COLONY,Unplanned,Closed,2026-04-25T03:10:09Z,2026-04-25T03:31:53Z,21
1819636,Central,CITY WEST LUDHIANA,DHURI  LINE,Unplanned,Closed,2026-04-25T03:10:09Z,2026-04-25T03:31:32Z,21
1819635,Central,CITY WEST LUDHIANA,KULAR,Unplanned,Closed,2026-04-25T03:10:09Z,2026-04-25T03:30:14Z,20
1819634,Central,CITY WEST LUDHIANA,Sidhwan Hydro,Unplanned,Closed,2026-04-25T03:10:09Z,2026-04-25T03:40:29Z,30
1819633,Central,CITY WEST LUDHIANA,GURU GIAN VIHAR,Unplanned,Closed,2026-04-25T03:10:09Z,2026-04-25T03:36:15Z,26
1819632,Central,CITY WEST LUDHIANA,URBAN ESTATE PH-1,Unplanned,Closed,2026-04-25T03:10:09Z,2026-04-25T03:42:00Z,31
1819631,Central,CITY WEST LUDHIANA,DUGRI,Unplanned,Closed,2026-04-25T03:10:09Z,2026-04-25T03:42:31Z,32
1819630,Central,CITY WEST LUDHIANA,G.T.B.,Unplanned,Closed,2026-04-25T03:10:09Z,2026-04-25T03:21:50Z,11
1819629,Central,CITY WEST LUDHIANA,BUS STAND,Unplanned,Closed,2026-04-25T03:10:09Z,2026-04-25T03:28:55Z,18
1819628,Central,CITY WEST LUDHIANA,MANJIT NAGAR,Unplanned,Closed,2026-04-25T03:10:09Z,2026-04-25T03:39:30Z,29
1819627,Central,CITY WEST LUDHIANA,CHILDREN PARK,Unplanned,Closed,2026-04-25T03:10:09Z,2026-04-25T03:39:21Z,29
1819626,Central,CITY WEST LUDHIANA,TIKONA PARK,Unplanned,Closed,2026-04-25T03:10:09Z,2026-04-25T03:39:12Z,29
1819625,Central,CITY WEST LUDHIANA,URBAN VIHAR,Unplanned,Closed,2026-04-25T03:10:09Z,2026-04-25T03:36:56Z,26
1819624,Central,CITY WEST LUDHIANA,JAWADDI,Unplanned,Closed,2026-04-25T03:10:09Z,2026-04-25T03:39:05Z,28
1819623,Central,CITY WEST LUDHIANA,A-BLOCK,Unplanned,Closed,2026-04-25T03:10:09Z,2026-04-25T03:32:38Z,22
1819622,Central,CITY WEST LUDHIANA,VISHAL NAGAR,Unplanned,Closed,2026-04-25T03:10:09Z,2026-04-25T03:38:59Z,28
1819621,Central,CITY WEST LUDHIANA,ATAM NAGAR,Unplanned,Closed,2026-04-25T03:10:09Z,2026-04-25T03:28:40Z,18
1819620,Central,CITY WEST LUDHIANA,EXTENSION,Unplanned,Closed,2026-04-25T03:10:09Z,2026-04-25T03:23:54Z,13
1819619,Central,CITY WEST LUDHIANA,JAMMU COLONY,Unplanned,Closed,2026-04-25T03:10:09Z,2026-04-25T03:23:39Z,13
1820153,North,JALANDHAR,CHURCH,Unplanned,Closed,2026-04-25T03:08:36Z,2026-04-25T03:08:57Z,0
1819762,South,SANGRUR,New Anaj Mandi,Unplanned,Closed,2026-04-25T03:01:00Z,2026-04-25T10:05:00Z,424
1819574,Central,CITY WEST LUDHIANA,A block,Unplanned,Closed,2026-04-25T02:53:11Z,2026-04-25T03:30:11Z,37
1819573,Central,CITY WEST LUDHIANA,PHULLANWAL,Unplanned,Closed,2026-04-25T02:53:11Z,2026-04-25T03:30:04Z,36
1819572,Central,CITY WEST LUDHIANA,CENTRA GREENS,Unplanned,Closed,2026-04-25T02:53:11Z,2026-04-25T03:29:56Z,36
1819571,Central,CITY WEST LUDHIANA,SATJOT  NAGAR,Unplanned,Closed,2026-04-25T02:53:11Z,2026-04-25T03:29:49Z,36
1819570,Central,CITY WEST LUDHIANA,11 KV Happy colony,Unplanned,Closed,2026-04-25T02:53:11Z,2026-04-25T03:29:27Z,36
1819569,Central,CITY WEST LUDHIANA,GLADA,Unplanned,Closed,2026-04-25T02:53:11Z,2026-04-25T03:29:14Z,36
1819568,Central,CITY WEST LUDHIANA,NATISH VIHAR,Unplanned,Closed,2026-04-25T02:53:11Z,2026-04-25T03:29:06Z,35
1819567,Central,CITY WEST LUDHIANA,A W H O,Unplanned,Closed,2026-04-25T02:53:11Z,2026-04-25T03:29:00Z,35
1819566,Central,CITY WEST LUDHIANA,SATPAL MITTAL,Unplanned,Closed,2026-04-25T02:53:11Z,2026-04-25T03:41:09Z,47
1819565,Central,CITY WEST LUDHIANA,BDS Nagar,Unplanned,Closed,2026-04-25T02:53:11Z,2026-04-25T03:41:01Z,47
1819564,Central,CITY WEST LUDHIANA,HOUSEFED,Unplanned,Closed,2026-04-25T02:53:11Z,2026-04-25T03:28:32Z,35
1819563,Central,CITY WEST LUDHIANA,B.V.M.,Unplanned,Closed,2026-04-25T02:53:11Z,2026-04-25T03:28:25Z,35
1819562,Central,CITY WEST LUDHIANA,URBAN ESTATE PH-2,Unplanned,Closed,2026-04-25T02:53:11Z,2026-04-25T03:28:18Z,35
1819561,Central,CITY WEST LUDHIANA,BASANT AVENUE,Unplanned,Closed,2026-04-25T02:53:11Z,2026-04-25T03:28:10Z,34
1819560,Central,CITY WEST LUDHIANA,BHAI HIMAT SINGH NAGAR,Unplanned,Closed,2026-04-25T02:53:11Z,2026-04-25T03:40:38Z,47
1819498,North,JALANDHAR,11 KV Manbro,Unplanned,Closed,2026-04-25T02:44:11Z,2026-04-25T05:02:11Z,138
1819497,North,JALANDHAR,Dushiara Ground,Unplanned,Closed,2026-04-25T02:44:11Z,2026-04-25T05:02:11Z,138
1819496,North,JALANDHAR,Vishkarma Mandir,Unplanned,Closed,2026-04-25T02:44:11Z,2026-04-25T05:02:11Z,138
1819495,North,JALANDHAR,Ravidass Bhavan,Unplanned,Closed,2026-04-25T02:44:11Z,2026-04-25T05:02:11Z,138
1819494,North,JALANDHAR,11KV GTB NAGAR,Unplanned,Closed,2026-04-25T02:44:11Z,2026-04-25T05:02:11Z,138
1819493,North,JALANDHAR,11KV S A S NAGAR,Unplanned,Closed,2026-04-25T02:44:11Z,2026-04-25T05:02:11Z,138
1819492,North,JALANDHAR,11 KV Deol Nagar,Unplanned,Closed,2026-04-25T02:44:11Z,2026-04-25T05:19:11Z,155
1819491,North,JALANDHAR,MODEL TOWN,Unplanned,Closed,2026-04-25T02:44:11Z,2026-04-25T05:02:11Z,138
1819490,North,JALANDHAR,11KV Thind Hospiatl,Unplanned,Closed,2026-04-25T02:44:11Z,2026-04-25T05:02:11Z,138
1819489,North,JALANDHAR,GHAI NAGAR,Unplanned,Closed,2026-04-25T02:44:11Z,2026-04-25T05:17:11Z,153
1819488,North,JALANDHAR,Sudhama Vihar,Unplanned,Closed,2026-04-25T02:44:11Z,2026-04-25T05:02:11Z,138
1819487,North,JALANDHAR,11 KV Jallowal Abadi,Unplanned,Closed,2026-04-25T02:44:11Z,2026-04-25T05:02:11Z,138
1819486,North,JALANDHAR,BOMBAY NAGAR,Unplanned,Closed,2026-04-25T02:44:11Z,2026-04-25T05:08:11Z,144
1819485,North,JALANDHAR,RAJPUT NAGAR,Unplanned,Closed,2026-04-25T02:44:11Z,2026-04-25T05:02:11Z,138
1819484,North,JALANDHAR,NAKODER ROAD,Unplanned,Closed,2026-04-25T02:44:11Z,2026-04-25T05:17:11Z,153
1819483,North,JALANDHAR,NEW PIONEER SPORTS,Unplanned,Closed,2026-04-25T02:44:11Z,2026-04-25T05:13:11Z,149
1819482,North,JALANDHAR,BHARO CAMP,Unplanned,Closed,2026-04-25T02:44:11Z,2026-04-25T05:10:11Z,146
1819481,North,JALANDHAR,MODEL HOUSE,Unplanned,Closed,2026-04-25T02:44:11Z,2026-04-25T05:11:11Z,147
1819660,Central,CITY WEST LUDHIANA,City Enclave,Unplanned,Closed,2026-04-25T02:41:57Z,2026-04-25T03:41:32Z,59
1819659,Central,CITY WEST LUDHIANA,11 KV Vikram Dutt,Unplanned,Closed,2026-04-25T02:41:57Z,2026-04-25T03:33:24Z,51
1819658,Central,CITY WEST LUDHIANA,Roop nagar,Unplanned,Closed,2026-04-25T02:41:57Z,2026-04-25T03:34:01Z,52
1819657,Central,CITY WEST LUDHIANA,DANA MANDI,Unplanned,Closed,2026-04-25T02:41:57Z,2026-04-25T03:34:10Z,52
1819656,Central,CITY WEST LUDHIANA,ADARSH,Unplanned,Closed,2026-04-25T02:41:57Z,2026-04-25T03:31:18Z,49
1819655,Central,CITY WEST LUDHIANA,MOTI  BAGG,Unplanned,Closed,2026-04-25T02:41:57Z,2026-04-25T03:30:52Z,48
1819467,North,JALANDHAR,11KV HOUSING BOARD,Unplanned,Closed,2026-04-25T02:41:51Z,2026-04-25T05:00:51Z,139
1819466,North,JALANDHAR,11KV NIKKU PARK,Unplanned,Closed,2026-04-25T02:41:51Z,2026-04-25T05:00:51Z,139
1819465,North,JALANDHAR,SABOWAL,Unplanned,Closed,2026-04-25T02:41:51Z,2026-04-25T05:00:51Z,139
1819464,North,JALANDHAR,URBAN ESTATE,Unplanned,Closed,2026-04-25T02:41:51Z,2026-04-25T05:00:51Z,139
1819463,North,JALANDHAR,GEETA MANDIR,Unplanned,Closed,2026-04-25T02:41:51Z,2026-04-25T05:00:51Z,139
1819462,North,JALANDHAR,GURU NANAK NAGAR,Unplanned,Closed,2026-04-25T02:41:51Z,2026-04-25T05:00:51Z,139
1819461,North,JALANDHAR,WARYAM NAGAR,Unplanned,Closed,2026-04-25T02:41:51Z,2026-04-25T05:00:51Z,139
1819460,North,JALANDHAR,NEW MODEL TOWN,Unplanned,Closed,2026-04-25T02:41:51Z,2026-04-25T05:00:51Z,139
1819459,North,JALANDHAR,GOL MARKET,Unplanned,Closed,2026-04-25T02:41:51Z,2026-04-25T05:00:51Z,139
1819671,Central,CITY WEST LUDHIANA,Kiran Vihar,Unplanned,Closed,2026-04-25T02:40:44Z,2026-04-25T03:27:30Z,46
1819670,Central,CITY WEST LUDHIANA,SHAM NAGAR,Unplanned,Closed,2026-04-25T02:40:44Z,2026-04-25T03:27:40Z,46
1819669,Central,CITY WEST LUDHIANA,E Block,Unplanned,Closed,2026-04-25T02:40:44Z,2026-04-25T03:31:50Z,51
1819668,Central,CITY WEST LUDHIANA,BASANT CITY,Unplanned,Closed,2026-04-25T02:40:44Z,2026-04-25T03:32:14Z,51
1819667,Central,CITY WEST LUDHIANA,Ranchi Colony,Unplanned,Closed,2026-04-25T02:40:44Z,2026-04-25T03:32:23Z,51
1819401,North,JALANDHAR,11 KV Cantt Mandi,Unplanned,Closed,2026-04-25T02:38:06Z,2026-04-25T05:00:06Z,142
1819400,North,JALANDHAR,11 KV Lal Kurti Feeder,Unplanned,Closed,2026-04-25T02:38:06Z,2026-04-25T05:00:06Z,142
1819399,North,JALANDHAR,DEEP NAGAR,Unplanned,Closed,2026-04-25T02:38:06Z,2026-04-25T05:00:06Z,142
1819398,North,JALANDHAR,PROFFESSER COLONY,Unplanned,Closed,2026-04-25T02:38:06Z,2026-04-25T05:00:06Z,142
1819397,North,JALANDHAR,PRAGPUR,Unplanned,Closed,2026-04-25T02:38:06Z,2026-04-25T05:00:06Z,142
1819396,North,JALANDHAR,CHURCH,Unplanned,Closed,2026-04-25T02:38:06Z,2026-04-25T05:00:06Z,142
1819395,North,JALANDHAR,G T ROAD NO.1,Unplanned,Closed,2026-04-25T02:38:06Z,2026-04-25T05:00:06Z,142
1819394,North,JALANDHAR,GARHA,Unplanned,Closed,2026-04-25T02:38:06Z,2026-04-25T05:00:06Z,142
1819393,North,JALANDHAR,GT Road No. 2,Unplanned,Closed,2026-04-25T02:38:06Z,2026-04-25T05:00:06Z,142
1819392,North,JALANDHAR,RAMA MANDI,Unplanned,Closed,2026-04-25T02:38:06Z,2026-04-25T05:00:06Z,142
1819391,North,JALANDHAR,TV TOWER,Unplanned,Closed,2026-04-25T02:38:06Z,2026-04-25T05:00:06Z,142
1819390,North,JALANDHAR,PAP,Unplanned,Closed,2026-04-25T02:38:06Z,2026-04-25T05:00:06Z,142
1819389,North,JALANDHAR,veva collage,Unplanned,Closed,2026-04-25T02:38:06Z,2026-04-25T05:00:06Z,142
1819474,South,PATIALA,Heera Bagh,Unplanned,Closed,2026-04-25T02:37:00Z,2026-04-25T04:10:00Z,93
1819577,Central,SUB URBAN LUDHIANA,City-11 Kamal Chownk,Unplanned,Closed,2026-04-25T02:31:00Z,2026-04-25T04:30:00Z,119
1819371,Central,SUB URBAN LUDHIANA,CITY-6,Unplanned,Closed,2026-04-25T02:31:00Z,2026-04-25T04:30:00Z,119
1819604,Border,GURDASPUR,24HRS U.P.S. MULLIANWAL,Unplanned,Closed,2026-04-25T02:30:00Z,2026-04-25T03:40:00Z,70
1819559,Central,SUB URBAN LUDHIANA,CITY-4,Unplanned,Closed,2026-04-25T02:30:00Z,2026-04-25T04:30:00Z,120
1819535,Central,SUB URBAN LUDHIANA,CITY-2,Unplanned,Closed,2026-04-25T02:30:00Z,2026-04-25T04:30:00Z,120
1819477,Central,SUB URBAN LUDHIANA,CENTER CITY,Unplanned,Closed,2026-04-25T02:30:00Z,2026-04-25T04:30:00Z,120
1819469,Central,SUB URBAN LUDHIANA,RAILWAY ROAD,Unplanned,Closed,2026-04-25T02:30:00Z,2026-04-25T04:30:00Z,120
1819365,Central,SUB URBAN LUDHIANA,CITY-5,Unplanned,Closed,2026-04-25T02:29:35Z,2026-04-25T04:30:00Z,120
1819557,Central,SUB URBAN LUDHIANA,CITY-3,Unplanned,Closed,2026-04-25T02:29:00Z,2026-04-25T04:30:00Z,121
1819500,Central,SUB URBAN LUDHIANA,CITY-1,Unplanned,Closed,2026-04-25T02:29:00Z,2026-04-25T04:30:00Z,121
1819313,West,FARIDKOT,Qila Nau,Unplanned,Closed,2026-04-25T02:15:00Z,2026-04-25T02:50:35Z,35
1819288,West,MUKATSAR,11 KV Sappan wali,Unplanned,Closed,2026-04-25T02:10:00Z,2026-04-25T06:01:00Z,231
1819425,Central,SUB URBAN LUDHIANA,CITY NO 07,Unplanned,Closed,2026-04-25T02:00:00Z,2026-04-25T04:29:00Z,149
1819308,West,FARIDKOT,SURAJ NAGAR,Unplanned,Closed,2026-04-25T02:00:00Z,2026-04-25T04:00:00Z,120
1819306,West,FARIDKOT,Guru Ram Dass Nagar,Unplanned,Closed,2026-04-25T02:00:00Z,2026-04-25T04:00:00Z,120
1819167,West,FARIDKOT,SHAHEED BHAGAT SINGH NAGAR,Unplanned,Closed,2026-04-25T01:51:00Z,2026-04-25T04:00:00Z,129
1819166,West,FARIDKOT,SAHIBZADA AJIT SINGH NAGAR,Unplanned,Closed,2026-04-25T01:51:00Z,2026-04-25T04:00:00Z,129
1819164,West,FARIDKOT,LandeKe URBAN,Unplanned,Closed,2026-04-25T01:51:00Z,2026-04-25T04:00:00Z,129
1819163,West,FARIDKOT,ITI,Unplanned,Closed,2026-04-25T01:51:00Z,2026-04-25T04:00:00Z,129
1819162,West,FARIDKOT,AKALSAR,Unplanned,Closed,2026-04-25T01:51:00Z,2026-04-25T04:00:00Z,129
1819160,West,FARIDKOT,FCI URBAN,Unplanned,Closed,2026-04-25T01:51:00Z,2026-04-25T04:00:00Z,129
1819159,West,FARIDKOT,AMRITSAR ROAD URBAN,Unplanned,Closed,2026-04-25T01:51:00Z,2026-04-25T04:00:00Z,129
1819157,West,FARIDKOT,Dutt Road,Unplanned,Closed,2026-04-25T01:51:00Z,2026-04-25T04:00:00Z,129
1819130,Central,CITY WEST LUDHIANA,KULAR,Unplanned,Closed,2026-04-25T01:44:29Z,2026-04-25T02:47:37Z,63
1819128,Border,GURDASPUR,Sadda,Unplanned,Active,2026-04-25T01:35:00Z,2026-04-25T08:00:00Z,385
1819150,West,FARIDKOT,Zira Road,Unplanned,Closed,2026-04-25T01:30:00Z,2026-04-25T04:00:00Z,150
1819127,West,FARIDKOT,BATHINDA ROAD,Planned,Closed,2026-04-25T01:30:00Z,2026-04-25T02:05:00Z,35
1819126,North,JALANDHAR,NAKODER ROAD,Unplanned,Closed,2026-04-25T01:25:00Z,2026-04-25T01:45:00Z,20
1819120,North,JALANDHAR,LADOWALI ROAD,Unplanned,Closed,2026-04-25T01:15:00Z,2026-04-25T01:55:00Z,40
1819117,South,SANGRUR,UPS PAIND,Unplanned,Closed,2026-04-25T01:06:00Z,2026-04-25T07:35:00Z,389
1819113,North,HOSHIARPUR,BHAMBOTAR,Unplanned,Closed,2026-04-25T01:05:00Z,2026-04-25T01:45:00Z,40
1819111,Border,GURDASPUR,Bank colony,Unplanned,Closed,2026-04-25T01:05:00Z,2026-04-25T01:17:00Z,12
1819109,North,JALANDHAR,JAMSHER,Unplanned,Closed,2026-04-25T00:58:42Z,2026-04-25T02:30:42Z,92
1819108,North,JALANDHAR,DHINA,Unplanned,Closed,2026-04-25T00:58:42Z,2026-04-25T02:30:42Z,92
1819107,North,JALANDHAR,Munpur,Unplanned,Closed,2026-04-25T00:58:42Z,2026-04-25T02:30:42Z,92
1819106,North,JALANDHAR,BHODE SAPRAI,Unplanned,Closed,2026-04-25T00:58:42Z,2026-04-25T02:30:42Z,92
1819112,West,FARIDKOT,JAITO CITY,Unplanned,Closed,2026-04-25T00:58:00Z,2026-04-25T04:25:00Z,207
1819110,West,FARIDKOT,GANGA COTTEX,Unplanned,Active,2026-04-25T00:52:00Z,2026-04-25T12:00:00Z,668
1819105,East,ROPAR,11 KV Chajjumajra,Unplanned,Closed,2026-04-25T00:45:00Z,2026-04-25T03:45:00Z,180
1819095,North,HOSHIARPUR,WAZIRAN,Unplanned,Closed,2026-04-25T00:43:00Z,2026-04-25T01:55:00Z,72
1819101,East,Zirakpur,SIMRAN,Unplanned,Closed,2026-04-25T00:41:00Z,2026-04-25T01:07:00Z,26
1819100,East,Zirakpur,HERMITAGE,Unplanned,Closed,2026-04-25T00:41:00Z,2026-04-25T01:07:00Z,26
1819090,Central,CITY WEST LUDHIANA,B.V.M.,Unplanned,Closed,2026-04-25T00:40:09Z,2026-04-25T02:37:01Z,116
1819089,Border,SUB URBAN AMRITSAR,Bhararri Wal,Unplanned,Closed,2026-04-25T00:25:00Z,2026-04-25T07:35:12Z,430
1819084,North,JALANDHAR,11 KV MAKSUDPUR,Unplanned,Closed,2026-04-25T00:17:59Z,2026-04-25T00:39:00Z,21
1819086,North,JALANDHAR,CHEEMA NAGAR,Unplanned,Closed,2026-04-25T00:04:00Z,2026-04-25T01:25:00Z,81
1819048,North,NAWANSHAHR,PTC,Unplanned,Closed,2026-04-25T00:02:00Z,2026-04-25T00:26:00Z,24
1819030,West,FEROZPUR,Amritsari Gate,Unplanned,Active,2026-04-25T00:00:00Z,2026-04-25T12:00:00Z,720
